[
    {
        "productName": "Apple iPad Mini 2",
        "description": "16GB, White",
        "price": 450,
        "imageUrl": "assets/imgs/apple_ipad_mini.jpg"
    },
    {
        "productName": "Apple iPad Air2",
        "description": "64GB, Black",
        "price": 600,
        "imageUrl": "assets/imgs/ipad_air.jpg"
    },
    {
        "productName": "Samsung Galaxy J",
        "description": "8GB, Gold",
        "price": 550,
        "imageUrl": "assets/imgs/samsung_tab.jpg"
    },
    {
        "productName": "Micromax Canvas P290",
        "description": "8GB, Black",
        "price": 425,
        "imageUrl": "assets/imgs/tablet.jpg"
    },
    {
        "productName": "Samsung Galaxy Note 7",
        "description": "64GB, Coral Blue",
        "price": 800,
        "imageUrl": "assets/imgs/samsung_note7_coralblue.jpg"
    },
    {
        "productName": "Samsung Galaxy Note 7",
        "description": "64GB, Gold",
        "price": 850,
        "imageUrl": "assets/imgs/samsung_note7_gold.jpg"
    },
    {
        "productName": "Lumia 640XL",
        "description": "8GB, Black",
        "price": 300,
        "imageUrl": "assets/imgs/lumia_640xl.jpg"
    },
    {
        "productName": "iPhone 6",
        "description": "16GB, Gold",
        "price": 400,
        "imageUrl": "assets/imgs/iphone_gold.jpg"
    },
    {
        "productName": "Lumia 950 XL",
        "description": "32GB, Black",
        "price": 325,
        "imageUrl": "assets/imgs/lumia_950xl.jpg"
    },
    {
        "productName": "Samsung Galaxy S6 Edge",
        "description": "32GB, Gold",
        "price": 700,
        "imageUrl": "assets/imgs/samsung_edge_gold.jpg"
    },
    {
        "productName": "Samsung Galaxy S6 Edge",
        "description": "32GB, Black",
        "price": 700,
        "imageUrl": "assets/imgs/samsung_edge_black.jpg"
    },
    {
        "productName": "Samsung Galaxy S6 Edge",
        "description": "32GB, Silver",
        "price": 725,
        "imageUrl": "assets/imgs/samsung_edge_silver.jpg"
    },
    {
        "productName": "Apple iPad Mini 2",
        "description": "16GB, White",
        "price": 450,
        "imageUrl": "assets/imgs/apple_ipad_mini.jpg"
    },
    {
        "productName": "Apple iPad Air2",
        "description": "64GB, Black",
        "price": 600,
        "imageUrl": "assets/imgs/ipad_air.jpg"
    },
    {
        "productName": "Samsung Galaxy J",
        "description": "8GB, Gold",
        "price": 550,
        "imageUrl": "assets/imgs/samsung_tab.jpg"
    },
    {
        "productName": "Micromax Canvas P290",
        "description": "8GB, Black",
        "price": 425,
        "imageUrl": "assets/imgs/tablet.jpg"
    },
    {
        "productName": "Samsung Galaxy Note 7",
        "description": "64GB, Coral Blue",
        "price": 800,
        "imageUrl": "assets/imgs/samsung_note7_coralblue.jpg"
    },
    {
        "productName": "Samsung Galaxy Note 7",
        "description": "64GB, Gold",
        "price": 850,
        "imageUrl": "assets/imgs/samsung_note7_gold.jpg"
    },
    {
        "productName": "Lumia 640XL",
        "description": "8GB, Black",
        "price": 300,
        "imageUrl": "assets/imgs/lumia_640xl.jpg"
    },
    {
        "productName": "iPhone 6",
        "description": "16GB, Gold",
        "price": 400,
        "imageUrl": "assets/imgs/iphone_gold.jpg"
    },
    {
        "productName": "Lumia 950 XL",
        "description": "32GB, Black",
        "price": 325,
        "imageUrl": "assets/imgs/lumia_950xl.jpg"
    },
    {
        "productName": "Samsung Galaxy S6 Edge",
        "description": "32GB, Gold",
        "price": 700,
        "imageUrl": "assets/imgs/samsung_edge_gold.jpg"
    },
    {
        "productName": "Samsung Galaxy S6 Edge",
        "description": "32GB, Black",
        "price": 700,
        "imageUrl": "assets/imgs/samsung_edge_black.jpg"
    },
    {
        "productName": "Samsung Galaxy S6 Edge",
        "description": "32GB, Silver",
        "price": 725,
        "imageUrl": "assets/imgs/samsung_edge_silver.jpg"
    },
    {
        "productName": "Apple iPad Mini 2",
        "description": "16GB, White",
        "price": 450,
        "imageUrl": "assets/imgs/apple_ipad_mini.jpg"
    },
    {
        "productName": "Apple iPad Air2",
        "description": "64GB, Black",
        "price": 600,
        "imageUrl": "assets/imgs/ipad_air.jpg"
    },
    {
        "productName": "Samsung Galaxy J",
        "description": "8GB, Gold",
        "price": 550,
        "imageUrl": "assets/imgs/samsung_tab.jpg"
    },
    {
        "productName": "Micromax Canvas P290",
        "description": "8GB, Black",
        "price": 425,
        "imageUrl": "assets/imgs/tablet.jpg"
    },
    {
        "productName": "Samsung Galaxy Note 7",
        "description": "64GB, Coral Blue",
        "price": 800,
        "imageUrl": "assets/imgs/samsung_note7_coralblue.jpg"
    },
    {
        "productName": "Samsung Galaxy Note 7",
        "description": "64GB, Gold",
        "price": 850,
        "imageUrl": "assets/imgs/samsung_note7_gold.jpg"
    },
    {
        "productName": "Lumia 640XL",
        "description": "8GB, Black",
        "price": 300,
        "imageUrl": "assets/imgs/lumia_640xl.jpg"
    },
    {
        "productName": "iPhone 6",
        "description": "16GB, Gold",
        "price": 400,
        "imageUrl": "assets/imgs/iphone_gold.jpg"
    },
    {
        "productName": "Lumia 950 XL",
        "description": "32GB, Black",
        "price": 325,
        "imageUrl": "assets/imgs/lumia_950xl.jpg"
    },
    {
        "productName": "Samsung Galaxy S6 Edge",
        "description": "32GB, Gold",
        "price": 700,
        "imageUrl": "assets/imgs/samsung_edge_gold.jpg"
    },
    {
        "productName": "Samsung Galaxy S6 Edge",
        "description": "32GB, Black",
        "price": 700,
        "imageUrl": "assets/imgs/samsung_edge_black.jpg"
    },
    {
        "productName": "Samsung Galaxy S6 Edge",
        "description": "32GB, Silver",
        "price": 725,
        "imageUrl": "assets/imgs/samsung_edge_silver.jpg"
    },
    {
        "productName": "Apple iPad Mini 2",
        "description": "16GB, White",
        "price": 450,
        "imageUrl": "assets/imgs/apple_ipad_mini.jpg"
    },
    {
        "productName": "Apple iPad Air2",
        "description": "64GB, Black",
        "price": 600,
        "imageUrl": "assets/imgs/ipad_air.jpg"
    },
    {
        "productName": "Samsung Galaxy J",
        "description": "8GB, Gold",
        "price": 550,
        "imageUrl": "assets/imgs/samsung_tab.jpg"
    },
    {
        "productName": "Micromax Canvas P290",
        "description": "8GB, Black",
        "price": 425,
        "imageUrl": "assets/imgs/tablet.jpg"
    }
]